id,price_doc
0,5561122.297867552
1,7014549.689552545
2,5363932.803895896
3,8855285.34297304
4,6090189.843363747
5,5383792.303897346
6,3440651.501031966
7,3754569.0514793564
8,16018768.860965025
9,7349743.857794099
10,15341837.91399393
11,5110455.990499405
12,6148982.23614718
13,6602857.921988743
14,9019748.113096157
15,6351267.359079876
16,12125800.586445594
17,7323223.56359252
18,9015539.316574767
19,12285242.74503121
20,7901821.341915553
21,3542463.736630489
22,5374125.070110757
23,7159225.906827776
24,6698246.2786259
25,8433307.597557181
26,9293035.418672519
27,13003049.656474292
28,6169847.191791711
29,5890979.752312247
30,7436009.849705892
31,10211183.046877215
32,7268733.32821643
33,4211646.9642859595
34,9582411.86421611
35,13158287.928441506
36,6974015.503997107
37,7499045.878722982
38,17724311.135772772
39,4947850.204429035
40,4182350.1420919076
41,6410527.487270495
42,7014184.76701907
43,7871042.787942865
44,5488663.475321393
45,6545003.609378591
46,12731215.633359512
47,8524688.482138209
48,6157270.250336295
49,5951717.307550528
50,6733014.80214166
51,3376693.2266359325
52,3478976.6486860025
53,5857678.414029968
54,8598708.233046306
55,8292630.80046369
56,7619187.462534518
57,6688440.293322803
58,8013709.471967736
59,6813099.00500345
60,3433452.724887708
61,6392242.806445263
62,9096512.59945518
63,5082731.664993174
64,5794063.571733171
65,6405677.777225206
66,7122410.601868534
67,3035742.3162292177
68,4865143.631560107
69,6018769.203221426
70,5664653.189549681
71,6887785.596043846
72,8189032.327166591
73,11352398.6491997
74,6256608.541796651
75,5366753.442296025
76,7482531.759294372
77,7457458.433042032
78,9406648.718492504
79,2674381.531334198
80,13056970.0887066
81,12628506.914700586
82,5487161.279047186
83,11495893.564993083
84,6509516.851021221
85,4541521.131663514
86,22117200.31789351
87,4345386.490264516
88,12112683.800783265
89,11480243.885494243
90,2970749.6784719303
91,8663456.03627456
92,4736805.713001789
93,5726468.427131662
94,4758307.686689193
95,6681035.269515928
96,8658146.879634468
97,5450773.092843542
98,8685478.327926435
99,7018685.790607588
100,4867459.322666416
101,5572451.530910123
102,8146047.890582831
103,6317819.168414265
104,9313676.12027174
105,6126194.851200683
106,7713646.1777630905
107,8522395.806854839
108,5596329.741609429
109,8647763.450706942
110,8004722.125320524
111,5001484.965499377
112,6469687.373539225
113,6951916.02560139
114,6695127.088493713
115,6677717.418904488
116,6098587.316737747
117,4817023.774479002
118,10075899.687522963
119,5977635.45317995
120,5601012.985752067
121,9488592.775935166
122,7373045.18852715
123,5683890.722019594
124,10776198.25097223
125,10498202.11267061
126,8136792.901811187
127,9499880.985845352
128,10451618.931188297
129,8430500.375951396
130,4093847.244089282
131,4494588.128012576
132,6304207.2807784
133,35884377.841664374
134,9352040.71420055
135,6890298.186990702
136,2179762.0002119606
137,4684669.3858011365
138,6681597.527439342
139,4201349.5904403515
140,7640528.961117246
141,6763428.212843477
142,4582211.765966707
143,4868737.75049661
144,7642524.805720634
145,8470405.844664777
146,7661182.1474002255
147,7850653.670038497
148,26672842.114600852
149,6394140.85036211
150,7795758.456585685
151,5315375.245533574
152,11646789.070782663
153,5362575.373201084
154,3752937.7843945995
155,6336076.574240745
156,4919902.6889397595
157,8796235.941921791
158,7609218.917633707
159,6180720.860481269
160,6276269.164987408
161,3421794.3972212924
162,7520236.690350887
163,9004407.489380285
164,5330954.7680063
165,6179481.5901280325
166,7190719.999915108
167,14850954.833270952
168,4680728.318976951
169,9488506.104757326
170,11674937.464994
171,8685475.889752565
172,5868058.922418379
173,5276714.087333582
174,5727553.549635354
175,7587627.249939761
176,9508424.661259051
177,14026065.432006638
178,8434730.484270664
179,5705151.219205164
180,7310464.0548873
181,5732723.987709809
182,6430812.473150212
183,8550098.348779256
184,6473484.514637855
185,6258584.787390392
186,5949068.204416858
187,6284893.284497969
188,8201780.474009229
189,6768481.324722923
190,5670930.731910424
191,6226214.421209663
192,6645333.066577619
193,5564761.9623430595
194,9353158.575656965
195,8971052.57218586
196,5928856.098159121
197,3173102.8095443295
198,8081162.286281746
199,4405845.4748561345
200,16366164.236561572
201,6915567.803325517
202,13274409.697702743
203,15111815.841121249
204,8164546.088501152
205,4619821.662807645
206,14132361.08635195
207,4656837.654101243
208,5672962.8413924305
209,6782773.701571976
210,4778685.9306854205
211,5763329.442758423
212,5445552.859223915
213,10542998.152518503
214,11853570.452979945
215,5713170.731719504
216,5119139.808783391
217,3987379.1485369513
218,5207661.76119076
219,5287443.234401575
220,10291967.094102776
221,7850768.935552154
222,5112381.049894549
223,7397041.458217332
224,5283455.996641266
225,12638401.561859915
226,6115293.447725015
227,9711747.136292713
228,7971830.760178257
229,5549803.693147513
230,13936551.853172623
231,6527947.177218793
232,6025134.399423629
233,7679504.7225999385
234,6602217.242764582
235,4666966.007007765
236,5491667.900254305
237,8602984.775966285
238,6437894.281469458
239,11270168.30320713
240,7241727.626990485
241,6060773.914622122
242,4527436.80370879
243,7379356.466141821
244,5613931.032684475
245,13511472.708709002
246,5466584.427219845
247,4745723.217086523
248,4590318.405685354
249,8000417.294538003
250,3874367.232256596
251,5811625.192518292
252,6164909.055746138
253,12242505.203989536
254,6454037.652756132
255,8452246.767566577
256,10292328.822335694
257,4320184.529820251
258,5560407.951175512
259,6123986.101078916
260,4777670.58139879
261,7123848.680345576
262,6990085.598522171
263,7376346.07103006
264,4287875.184109234
265,6296552.693114946
266,5735588.145472219
267,4518217.525415218
268,5536668.258324822
269,5795767.427973114
270,5642515.1898471555
271,5660120.083962735
272,24363394.227865994
273,7232541.125716643
274,7701471.978246935
275,12275020.847217299
276,5861136.441684803
277,7662394.335952006
278,6178876.038989497
279,5665039.078433089
280,4944581.258977323
281,5976862.84434316
282,7042071.872433905
283,3208435.840896739
284,3878848.998441426
285,7077182.755857088
286,7521059.089605635
287,5986231.694550194
288,8972472.535935331
289,8874676.978538942
290,10174026.850697955
291,10980316.844144342
292,7593213.027102225
293,5572677.919231016
294,11543021.199670682
295,7591542.586487497
296,7213969.438605288
297,7950028.734348849
298,1938570.435014749
299,7607246.449882722
300,5630420.95250372
301,3494768.3570709294
302,8096389.421462618
303,9047385.16932888
304,6514532.5949793365
305,5373589.655589445
306,4662210.2311602365
307,12379239.498497877
308,4635349.313618805
309,7100857.551923737
310,8141847.027322707
311,5599678.031499775
312,6491627.13935018
313,5307217.731866943
314,9942212.846539397
315,11444079.613095148
316,7359165.934340116
317,5313533.450165548
318,9039751.070262797
319,21810538.177692655
320,5883767.619473071
321,8014515.694782801
322,7955909.706898457
323,5743175.824385893
324,15839195.075455775
325,12084590.162261507
326,8757996.931395316
327,6454266.187049095
328,6484587.536522157
329,6002513.498664584
330,7078500.87837771
331,7981686.866769945
332,6735760.752047965
333,5166743.239520725
334,8231933.585269355
335,6589654.651037653
336,4345632.03363588
337,4441565.150638941
338,5147661.264278924
339,3644850.316823764
340,3873724.6085740793
341,8812856.827696158
342,6480510.345644195
343,6702693.651034425
344,8505824.74782126
345,5718173.535151928
346,9731041.673988592
347,4862694.265141957
348,9652284.27582459
349,5843340.227886584
350,4836013.254950112
351,6027127.417147422
352,5171256.181091297
353,4773058.476511207
354,10807604.104357442
355,6580953.698723372
356,5149039.513438484
357,5480308.373477177
358,7564908.174463915
359,7316574.2736770045
360,4359298.493488925
361,6509753.450680521
362,8343391.928435766
363,8439496.678972347
364,5691282.841331521
365,4886193.631198307
366,4054872.2044561445
367,8500803.156884909
368,8180394.703655385
369,5609484.7644115845
370,5328981.737236344
371,6037824.029655637
372,17543059.963888813
373,6125751.426680496
374,8203775.596038347
375,5468660.213213994
376,11138819.768198952
377,7496579.1400269605
378,7104899.641841347
379,13112954.495614747
380,9935535.113086214
381,11299122.396666773
382,8057611.837808633
383,8562053.790048333
384,6373187.398856777
385,6513317.988314383
386,6276150.2545028245
387,7182056.73920013
388,2485890.5463804174
389,13388599.055643255
390,11080804.135592844
391,5279444.4003498815
392,8099547.607274709
393,6276876.157758296
394,6014767.268683337
395,8924660.6244534
396,3434121.2299494906
397,13332301.735052269
398,11211172.836004736
399,10570623.74701195
400,6290846.032114991
401,8267845.563102452
402,13932388.530934764
403,4614001.917698265
404,10677736.589646915
405,7751067.9704031125
406,16660449.732462956
407,8084601.622382865
408,9715366.154640146
409,4238332.167040789
410,8627443.704871643
411,6218708.424194855
412,5270915.409781409
413,11933266.569693878
414,8438448.08594551
415,7430913.9037007475
416,11621861.454820517
417,10722920.316148678
418,5958912.052756038
419,19731256.279103197
420,6241420.402807657
421,4013509.919357531
422,5063158.63517183
423,7405611.761894632
424,8849318.093840992
425,6249733.891024793
426,9027914.833263408
427,9717910.314346828
428,8705378.020271588
429,10225121.76578838
430,6346463.123397073
431,37400397.97098081
432,2361491.0688935444
433,6510421.724554213
434,10528378.281655857
435,6768603.470522753
436,5564714.673055575
437,6053306.946252721
438,7853341.706620733
439,3809259.250187038
440,12284927.83359757
441,7064707.413545559
442,6787605.952062602
443,5941422.430646116
444,4780256.957885439
445,7419582.0908642225
446,9030256.207741382
447,3568046.2590504354
448,5965984.655060599
449,7576663.3362050615
450,5870144.09091817
451,13751132.099973053
452,10652180.874386366
453,6711352.648185095
454,9898875.894004151
455,6943207.60543232
456,9596990.446948959
457,6719504.470924378
458,6273251.760023383
459,2732894.5734882406
460,8343502.107363955
461,20667712.17251065
462,9353860.152888967
463,15628190.882477308
464,5072556.616636466
465,3261667.892192076
466,3459320.130405561
467,12830454.250002518
468,6988609.00606773
469,8740509.158028627
470,5219354.838725712
471,4973927.360915742
472,9126274.388883153
473,6601760.371961748
474,6029276.589734903
475,7042889.369897104
476,6582418.31848313
477,10835939.992079213
478,5928982.229808517
479,11235967.888278713
480,9691767.928386869
481,18241466.427803047
482,7571404.393925709
483,4650881.63946371
484,6383639.137075308
485,7787671.338858349
486,5475189.3492598105
487,7467355.888729906
488,9451937.090705445
489,19756874.518125974
490,6798022.029436139
491,7490298.900077412
492,12135571.373876419
493,8911759.24294478
494,6129489.723073093
495,3075942.1983642653
496,6558435.26581265
497,13512733.228795564
498,8595046.192408698
499,7327679.936904907
500,4114021.1675880593
501,7748248.878264443
502,7326322.203891923
503,6092691.5628039315
504,4654135.928841263
505,13516010.429172888
506,8099499.191119723
507,8984413.996668303
508,4174123.8695615055
509,7373901.2083066935
510,16050545.484388538
511,4910026.359864442
512,8008017.810525926
513,7392417.903671562
514,9664143.48242477
515,5864193.647804689
516,11964675.925112346
517,6213113.823266383
518,9338574.31418492
519,9823108.850562515
520,5950872.108400762
521,9033552.761997862
522,3475612.5850527836
523,4728917.337638632
524,12562974.979573907
525,12735664.482161144
526,11113846.68639518
527,9222531.223086523
528,6211992.209454771
529,6282715.520477009
530,11152935.939959202
531,6712597.590093529
532,6955966.620339527
533,11373714.680314876
534,6430053.536095353
535,9554603.655730732
536,7025544.827528954
537,12059497.425938822
538,13652798.209713075
539,10090820.318315407
540,10757397.485660922
541,8873726.55152989
542,9251044.352889791
543,6204587.239328481
544,13249067.8135868
545,9575268.457807427
546,10079416.893588692
547,6758615.497587825
548,6948983.65259118
549,16274773.805038687
550,8450024.390771719
551,6853801.462688284
552,8407561.743615907
553,6353618.861307219
554,5057504.345909836
555,4658750.557923938
556,7782244.201872869
557,6090335.564562402
558,17238520.87619678
559,9657327.741563687
560,4047213.0073980875
561,6653631.504593543
562,9851622.761408554
563,17321939.39986327
564,7164698.756529954
565,6162207.096518423
566,8711259.958599407
567,7167676.090700708
568,11471910.825105458
569,10796732.478634927
570,3527950.2771568857
571,6284540.153700055
572,13468973.23143898
573,7014234.231962082
574,6136187.146289239
575,5479609.970376231
576,15679040.825409194
577,8190596.715931782
578,4788500.359405943
579,6003490.84872954
580,8877819.217588456
581,9717771.049968857
582,14317305.84940999
583,5069911.390040254
584,5896637.181132872
585,4832833.5387428785
586,4466606.04559887
587,7292731.929190317
588,4315860.861131731
589,5848744.883892009
590,5588890.083225785
591,8155593.179437279
592,7538324.4651959315
593,10021305.488300575
594,6461492.515395427
595,9476616.660488194
596,9925330.696134841
597,14414752.98098325
598,7640667.89518271
599,6632002.399311485
600,18258558.50737892
601,13954250.937125651
602,6098928.643189947
603,6154078.494796343
604,7145949.803617037
605,9023523.949189236
606,6240120.151625791
607,6459026.88396115
608,6813707.197305225
609,6638279.084652023
610,6363399.45859644
611,9260750.571291588
612,5771021.791685071
613,5067718.68278217
614,5704420.195369616
615,6022521.929088248
616,4566853.273097929
617,3780091.273342243
618,4116777.0958932936
619,7587330.439580238
620,6379277.971295619
621,14687360.746849783
622,8091350.752774036
623,5330582.4806267815
624,11776863.31566466
625,5171749.62605636
626,6041648.376138897
627,6982498.879482824
628,6154577.704599277
629,10123624.539643971
630,7303864.722365916
631,6097137.958381852
632,4998970.770082403
633,9354693.33143416
634,7654324.133340895
635,7146120.009791551
636,10624273.999520028
637,7219048.638637442
638,3938891.275518361
639,3871836.5971283894
640,6302368.301127442
641,6379361.53872734
642,13415242.210143821
643,12978356.293836344
644,8117730.618802689
645,4187349.771781218
646,4460609.297696835
647,14193230.363988897
648,9985014.86091789
649,11960279.38959669
650,6022460.601799032
651,6018037.334033511
652,6953414.178115655
653,7543528.390577722
654,5939828.578048555
655,6725109.193266351
656,11307724.21779469
657,5278059.115372991
658,3893094.0457649212
659,14063279.46348513
660,9541743.45994955
661,5593984.083089225
662,6966120.278747253
663,6149688.335447481
664,8470845.85671513
665,9481654.595453087
666,10942397.789850684
667,5755928.542247726
668,5648178.218828678
669,5188273.951793655
670,5085598.960112626
671,5420220.974601004
672,10872919.928378291
673,6902872.004658584
674,6702534.092536131
675,5555804.539433507
676,8891876.450561082
677,3512823.1208144543
678,7116284.680065457
679,6840600.621529193
680,4953695.86562802
681,4827227.127252573
682,14845062.025350275
683,7137996.559233748
684,7897883.857880259
685,5545977.028367568
686,6405552.226855509
687,15657034.021362787
688,21068685.181903582
689,7291951.465285892
690,9387287.105837103
691,5258282.613608205
692,6537244.637538902
693,7879903.406117347
694,7677560.385599151
695,9356882.580376144
696,6743735.793191708
697,5831601.423878442
698,5744602.327530675
699,5548450.550837682
700,5105930.405076846
701,6589058.528102184
702,6358516.4289845005
703,7570194.885996252
704,9842163.250048706
705,11784901.712807924
706,5034660.218888803
707,11395308.484844182
708,6148958.915335831
709,2801037.324216633
710,6099588.8126937505
711,6066822.950538538
712,7581120.459694106
713,5312076.60011994
714,8484901.85027155
715,20851505.708401445
716,8002075.524435451
717,12644931.59614404
718,6603747.750129934
719,5121963.090962336
720,9414430.13223998
721,7055394.463994687
722,5745526.6642011
723,7328620.056398445
724,6485229.889386507
725,14158839.040841874
726,4022983.6672630487
727,4774546.824027292
728,4157729.1725329245
729,4031013.129777055
730,6531363.775232971
731,4128113.989514758
732,13812939.010552566
733,6006687.481372273
734,5469934.864937009
735,10673786.57918466
736,4185297.788357688
737,9259911.465734717
738,6806478.220032842
739,7567148.089122807
740,6792700.98071825
741,4681361.448892678
742,10777328.693380997
743,5282199.006628921
744,5468062.954134606
745,8718857.265175872
746,5920000.970985547
747,8793274.420196682
748,7834111.377842658
749,4760694.912168133
750,4162395.869331899
751,6064718.653571365
752,8621100.588800399
753,5795123.896526725
754,7932708.593290349
755,11229963.643011427
756,6589671.2091932595
757,7888071.957297811
758,4748343.687038393
759,6109305.144511897
760,5112711.768756883
761,13152074.081808293
762,6503507.804126829
763,4230026.043561678
764,4773950.37642375
765,6554640.14800509
766,6000345.420775551
767,12133718.661082022
768,7598425.800598524
769,9739645.238575285
770,8057456.471066397
771,8751979.281037085
772,10731187.839507397
773,6463949.423726724
774,15709158.29757679
775,5912165.699551632
776,4513549.585698883
777,8734272.945342844
778,5937124.311586393
779,6984113.448909157
780,6300829.595010052
781,5779467.459807729
782,11948492.842979912
783,7821281.606303037
784,15658408.519968677
785,6990630.505136074
786,13282092.096870191
787,11247520.854853027
788,6416644.959378374
789,6120694.644481327
790,8376220.873711421
791,7114820.634582209
792,8316308.423299634
793,5677420.987073041
794,13720869.409154136
795,8035942.628520089
796,6267753.89302944
797,5940638.760360716
798,10551744.180078575
799,7689491.100125721
800,8860528.08516067
801,14799312.796898797
802,6604307.19500349
803,11348601.636404306
804,8052863.962352671
805,11134874.756191116
806,5581762.872539612
807,5093244.686161332
808,11855831.879128123
809,6938233.30725283
810,10970420.151082583
811,11493959.976154448
812,6942805.13192159
813,9154828.823452136
814,8104093.095181877
815,7124320.820967662
816,6445006.090292412
817,8666779.531247737
818,18507279.907540996
819,6489252.954547048
820,6104877.19011979
821,9226245.302975848
822,4852904.948929211
823,8274900.371599678
824,6942203.532551881
825,7626690.525123575
826,9757571.400011314
827,12491135.686439926
828,11612348.071239006
829,2130278.3066790113
830,12074887.990930106
831,9687157.831408145
832,11958429.220100235
833,6237285.247391408
834,8002001.92476757
835,8493833.997242495
836,6267470.111767496
837,17395269.613082483
838,5849802.128584891
839,9365104.46243681
840,4799419.098117162
841,7113040.809045307
842,9501170.945727108
843,9006974.72709527
844,5081647.694106522
845,6464302.603144191
846,5855893.03249678
847,4694975.950943733
848,4506764.62130945
849,6768454.028214919
850,6707600.678037843
851,8494082.231876759
852,4154237.8625936275
853,9458554.088076446
854,14761684.283171713
855,6137233.975672351
856,6339380.39172809
857,7990253.114610918
858,4789569.302177423
859,8923460.330959627
860,8938740.671394046
861,8089355.092426116
862,6351939.432451174
863,6225151.494490665
864,6739042.406286893
865,5914793.140044455
866,6411597.653145975
867,7427558.548987003
868,5562689.722776305
869,6772753.882208922
870,12371866.054993492
871,6251346.271949813
872,6745475.9246719945
873,5096434.258223871
874,6313710.345004381
875,7174234.097861664
876,15116883.267776221
877,5998051.010238613
878,10680173.852884438
879,6031970.336943171
880,7339232.314334881
881,5206122.442068718
882,7378656.436553118
883,8002352.23832454
884,4988963.885146498
885,7450205.750698738
886,6682487.224539712
887,6773476.121480658
888,7473463.638082072
889,6692669.168571277
890,6227246.92209507
891,7995520.226381057
892,2338893.7021975513
893,5150297.187308894
894,7211507.917181341
895,5330212.384868778
896,5312549.857305317
897,9875800.128697138
898,10402400.571768155
899,7796061.708077706
900,7767022.580145384
901,6290661.529160173
902,11474327.641209163
903,6833369.379171948
904,6676625.051253441
905,7052668.1388853155
906,6875905.270742794
907,7794202.905303159
908,8887968.50240542
909,5475665.926649486
910,4996969.554361875
911,3998450.644841095
912,10888432.182982417
913,4373151.127736911
914,7150648.77701097
915,6651464.214548798
916,6324561.905362572
917,5957954.919425593
918,6192204.607144265
919,5895958.8839608785
920,5232592.40139112
921,16236736.250825264
922,3358587.0813209247
923,4550359.450066451
924,22153876.769032657
925,5683460.6940696975
926,4504829.066720391
927,8811647.743239358
928,5787232.313291239
929,4395558.868947561
930,6381525.099822037
931,5713146.885913098
932,6430153.391735311
933,12041180.588071104
934,7811806.512033461
935,11213259.767633379
936,8663323.27447672
937,7696561.347635152
938,11414972.110946799
939,14610512.968877582
940,5162014.74492369
941,8208934.886982529
942,10374102.837296264
943,7036283.917571283
944,4709333.409480804
945,5579652.434695881
946,6118453.825592609
947,4987973.508897737
948,5329691.194942586
949,7862377.644532658
950,10275709.217586255
951,6348043.718964298
952,15889372.93292493
953,12913695.282182403
954,5447750.471231549
955,5354999.293859445
956,6536825.419436408
957,10136477.501962662
958,6169112.731500897
959,5850642.027432684
960,5712194.814809193
961,5695378.543365759
962,5306396.899464852
963,4459106.377373267
964,5142437.931088814
965,5817918.797865891
966,6254696.650482232
967,8710002.029105235
968,14683229.59680509
969,4858403.314321653
970,7340897.967293778
971,11381571.4896544
972,3157690.0828444418
973,7860709.496730053
974,8114434.48172917
975,7014524.151207153
976,12555014.373852765
977,6560985.256998823
978,8921516.70787668
979,5131668.921055841
980,7084873.7637966145
981,7476820.866162941
982,4539309.027094303
983,10566763.943928763
984,5814473.583061423
985,10153628.868391681
986,18586205.01736181
987,6226095.324977951
988,4209822.981820533
989,6895665.083404199
990,8537821.106440572
991,6630573.683598143
992,6782056.92629415
993,10499860.159664381
994,10547045.213301908
995,12625579.581176575
996,6044440.093090044
997,11577937.274594571
998,7057931.473268859
999,10905441.799918585
1000,8404040.130449612
1001,3325739.2366075404
1002,11779688.29633481
1003,8949643.428243484
1004,8047462.865440629
1005,7667499.951738422
1006,8541231.455820324
1007,9622286.202566482
1008,8956574.119909676
1009,9727031.221567275
1010,10672022.432270147
1011,5658298.95905971
1012,15586547.917038694
1013,5735468.436984552
1014,6310130.456200851
1015,5556559.178387253
1016,18338879.927714597
1017,5455834.5383511055
1018,4448911.21823098
1019,6244203.137617665
1020,7161877.152319463
1021,4980115.384763501
1022,6402583.778679445
1023,7143597.408353778
1024,8411232.929002529
1025,6658453.322422445
1026,6933045.466307506
1027,12773177.384942356
1028,15347619.712666508
1029,5603926.865282034
1030,5698577.588477978
1031,6118130.3555206135
1032,7392553.602474277
1033,7937118.064479215
1034,6274243.871931695
1035,6582306.255919336
1036,10142378.685840609
1037,12058776.420329016
1038,7299243.453283662
1039,10342344.123177627
1040,10787417.45006557
1041,4745029.754228656
1042,14268750.539286213
1043,12820886.759928336
1044,10135759.69705669
1045,7594351.792413575
1046,29711571.96150984
1047,4811532.124055113
1048,17978080.39572742
1049,6062352.35634594
1050,8734194.787962127
1051,6129214.649563344
1052,6840274.892311251
1053,8145122.737700782
1054,13823604.73893907
1055,6129466.962964259
1056,5982370.052871475
1057,2376158.8218432334
1058,22057767.68501042
1059,6082961.8325511515
1060,7610873.121173446
1061,10150991.161209904
1062,4874303.879148325
1063,6768280.6450557485
1064,4409511.363438485
1065,6083863.05252414
1066,13175042.514979078
1067,5824164.912935156
1068,2132114.3345352793
1069,7233793.897581843
1070,11385118.958743801
1071,6012540.746082034
1072,5368669.10166537
1073,7804187.426917852
1074,3781105.66999555
1075,13771682.594965018
1076,6152120.0590359215
1077,6368329.864985169
1078,6912587.689853759
1079,8194315.036944021
1080,7387083.684675103
1081,10934035.917674229
1082,7126827.197035809
1083,4760487.984523192
1084,5695255.32563442
1085,5283115.36361767
1086,5538965.23820969
1087,8824797.382284036
1088,9700141.448315863
1089,3975922.24231335
1090,6865035.439829252
1091,9899153.615708688
1092,7602377.0688293455
1093,5788694.247444809
1094,6211069.680702354
1095,8009883.758178836
1096,7131534.43545744
1097,4310353.201037458
1098,6069465.394572542
1099,9665325.257432768
1100,5596734.457821992
1101,8521876.10226099
1102,10174128.302073002
1103,5576371.272481715
1104,5838123.87878534
1105,6163141.166292578
1106,6698247.105171898
1107,5974363.398099289
1108,9554167.040221818
1109,5576253.078575393
1110,8342042.124528033
1111,6404120.972509654
1112,12469105.458228905
1113,7018003.698413628
1114,5807877.566161975
1115,18326729.31522945
1116,8709271.384613806
1117,7230434.524928935
1118,13096978.340854354
1119,3343480.6122393454
1120,7660194.100642192
1121,6876486.936501604
1122,5588057.164456595
1123,8353578.79149659
1124,8364764.477483289
1125,6141132.556759341
1126,4786917.889440246
1127,6090714.10908562
1128,13261637.967017097
1129,10457638.268405532
1130,6651541.942094202
1131,6050090.731433427
1132,5506750.033905558
1133,9602192.684119347
1134,6397935.83382381
1135,5474907.610070335
1136,12004260.980395969
1137,4914750.334932296
1138,7917823.378350432
1139,9608907.37492907
1140,5671283.844818214
1141,8192169.1014783755
1142,13376726.579983272
1143,6822358.657282033
1144,10192579.303156752
1145,5377264.309526374
1146,7592814.876297951
1147,7072012.781242618
1148,4870249.533738743
1149,7643703.230856447
1150,11996861.245196545
1151,12108460.73702852
1152,13394839.9504002
1153,7223533.465611314
1154,5605241.339203782
1155,5762744.335539035
1156,14695085.675180605
1157,5367759.414954664
1158,10808895.181184376
1159,9179854.659741959
1160,5986462.441012461
1161,6306502.108907063
1162,4848195.981761731
1163,23340738.13355865
1164,5529922.339360632
1165,6767297.398664023
1166,5552946.97155936
1167,6812151.179971387
1168,8383979.092653881
1169,8716917.547946015
1170,4508410.503710709
1171,12828049.61445181
1172,5996674.313209479
1173,7179324.067880391
1174,9429081.925882524
1175,6498846.582962079
1176,5668376.722733136
1177,7723247.125652465
1178,3755793.816875227
1179,10175437.789318694
1180,9569861.128768409
1181,7635221.735098657
1182,6320075.950257911
1183,6052219.487583141
1184,5195389.671401239
1185,4191828.951560183
1186,7929971.676664039
1187,6260154.37939877
1188,15183824.565288618
1189,5643515.016057462
1190,7490517.734648704
1191,4453818.969069884
1192,7101603.648998082
1193,7877828.447124096
1194,10686312.355483992
1195,8354981.887879996
1196,4762193.046119938
1197,6716169.068277443
1198,5330455.253530719
1199,6314950.245698765
1200,13104708.408110159
1201,15648216.793968963
1202,7587071.497000961
1203,7756149.881340301
1204,7761183.507699081
1205,5906398.81054554
1206,4043561.0827723625
1207,12841494.398301579
1208,2194474.8801759887
1209,5640989.802000746
1210,5193385.057419423
1211,5785996.274277264
1212,5821762.91921391
1213,6388689.935736266
1214,7838687.312973528
1215,7242089.6464798115
1216,14445846.038681906
1217,11671856.473500613
1218,11047014.76012253
1219,14720782.863880506
1220,11665263.367906004
1221,4023668.1482432056
1222,4642108.164734594
1223,7232036.75013259
1224,7451174.755511524
1225,5283385.439962512
1226,4809025.745511386
1227,8412613.589581668
1228,7029876.177433125
1229,6736168.313387685
1230,6356596.421764379
1231,7297384.654658438
1232,7157506.733528367
1233,5359948.196543306
1234,5472857.423955209
1235,11984457.864546098
1236,4803335.342288034
1237,6760322.271520026
1238,8491266.405150892
1239,4552753.202282689
1240,12056818.862539757
1241,4187694.334513646
1242,6358983.2979644
1243,10685141.67103031
1244,9338655.62965114
1245,6330759.578285275
1246,5364433.26996723
1247,7577087.252902487
1248,11097697.360108566
1249,4787922.075868388
1250,7552024.578684444
1251,11901742.308817532
1252,7350066.923173711
1253,5613712.0343613345
1254,6557564.508893802
1255,18648407.882719636
1256,7539015.794062729
1257,5606384.884395363
1258,10956266.954659192
1259,5350386.048871297
1260,8769458.43076862
1261,5426186.436594851
1262,9676553.637643699
1263,6136888.465666035
1264,4589570.947935013
1265,4129838.5105002057
1266,9364073.21229654
1267,9571695.09787946
1268,6017014.824977506
1269,6872507.534836581
1270,7143157.551945584
1271,6441972.672891215
1272,10906291.536756102
1273,4149620.5002045226
1274,5688598.598427438
1275,6873846.20676039
1276,5127379.268931052
1277,5563642.559924266
1278,5717395.444653893
1279,7107786.024761485
1280,5564942.742636158
1281,5026832.649222663
1282,7632470.127040459
1283,11816069.321947709
1284,6704575.590624433
1285,6368027.636268753
1286,4250220.773606857
1287,9069794.317176122
1288,5473937.109365732
1289,13734956.302911641
1290,4892005.38403205
1291,4805813.038567152
1292,5456462.488795381
1293,10019858.510713484
1294,5917473.856854159
1295,5709249.318166781
1296,13565281.216213688
1297,5680576.777105896
1298,6310927.323689995
1299,8184515.686827673
1300,5969926.645072253
1301,2362970.3762713894
1302,5629127.2921554865
1303,9003024.990553178
1304,10147415.928629832
1305,4351917.314124849
1306,15720287.593477711
1307,7872610.185348146
1308,9155437.258144163
1309,42421511.24707972
1310,8904303.491104607
1311,8174080.9303132435
1312,6428773.324039709
1313,12983397.180288881
1314,6485616.963598431
1315,7462328.533369359
1316,3304880.6089903386
1317,6552049.014048833
1318,9005797.623020958
1319,8522739.479197642
1320,5885343.513048664
1321,26266920.309725218
1322,5768630.586861199
1323,7675676.782675505
1324,21265348.358669896
1325,6472702.649981824
1326,12143976.326518387
1327,6563687.311932363
1328,7451546.762402872
1329,6551803.64267253
1330,9398384.49742937
1331,17188706.79731144
1332,7924743.432914967
1333,9511839.139714329
1334,4789173.766543896
1335,5715432.592461307
1336,6964766.570323303
1337,7181393.023376192
1338,4657578.941213359
1339,5149684.120380377
1340,7852825.466115731
1341,5317969.013466931
1342,9460588.894760689
1343,4411734.7256628005
1344,5736810.746707592
1345,5342433.143913017
1346,9314193.624164477
1347,6199803.845393191
1348,3892327.9602101822
1349,5530294.98839011
1350,6244971.505710509
1351,8521193.303770782
1352,16554078.146072919
1353,6638361.358746579
1354,6242882.035521239
1355,8554863.737213198
1356,7747625.57802283
1357,10744527.523860244
1358,7383767.136870896
1359,5833083.229235636
1360,10963610.816172186
1361,7584793.812332146
1362,8175864.059728056
1363,6193961.806658184
1364,7238301.793858535
1365,5743533.981393617
1366,5822111.3819905855
1367,4843601.976170949
1368,5029259.508602882
1369,5274619.498225927
1370,7089237.016877586
1371,19588428.378416196
1372,3130010.1677922634
1373,6651161.522143871
1374,6927549.246287043
1375,13388111.429624133
1376,7675822.182955297
1377,6027502.385082524
1378,6269748.493318934
1379,9804514.263553834
1380,24530059.67762753
1381,12387667.051000893
1382,8521247.534925545
1383,5045442.446368514
1384,6583278.5022721365
1385,11613699.473066013
1386,5667000.09137764
1387,4581180.883182249
1388,5338115.732922698
1389,3221937.9440230685
1390,4808422.245566338
1391,7905463.762877607
1392,6579286.4550902955
1393,13790412.557647077
1394,7663421.878698263
1395,5791665.165263403
1396,11893193.864876498
1397,8053142.642690976
1398,9340656.427464377
1399,9990012.349334028
1400,10888538.150281135
1401,8912377.23605625
1402,6750310.514509644
1403,4995591.26257931
1404,9648900.329917757
1405,5947845.552140409
1406,5336743.218606069
1407,6314319.697082446
1408,7734096.723502957
1409,14741628.723940361
1410,7246421.518059343
1411,5369916.849154632
1412,5735349.14724129
1413,7818080.592321603
1414,8754832.904075233
1415,3853903.490325613
1416,19525081.816032708
1417,5985226.813529786
1418,4150014.689229126
1419,7252129.912231144
1420,6028841.0346315205
1421,6138275.607195012
1422,8158171.711453043
1423,6628832.639690744
1424,13332325.449082691
1425,5312677.548816329
1426,7443353.032127323
1427,9309126.731157927
1428,3093912.792236666
1429,8834226.049610961
1430,4607089.1429508375
1431,8873682.018457245
1432,7386229.126248649
1433,4171568.8132497193
1434,4597475.093784381
1435,5110444.536700394
1436,12909840.527579691
1437,11898631.84581552
1438,8294210.231590663
1439,5700111.681207116
1440,14185903.722842958
1441,14648804.061398664
1442,6614943.646725393
1443,7326883.846619002
1444,7645414.615164184
1445,7975018.795554269
1446,6934308.027928074
1447,8283871.378482671
1448,5920131.305428925
1449,12090492.677876806
1450,4573029.382380357
1451,6328998.317798252
1452,8383634.706224212
1453,6001374.463337513
1454,5863239.796287313
1455,7864079.277860591
1456,5897573.6399805145
1457,18170361.060161173
1458,3756358.235374449
1459,7200611.947100407
1460,4106383.6235326384
1461,7538861.309143034
1462,7392222.155518403
1463,5390564.6629804075
1464,5963877.703466892
1465,2963441.862787165
1466,10881519.174490752
1467,11770543.099358995
1468,6327309.007605651
1469,5564200.411122205
1470,6357161.7708438635
1471,7059244.835627458
1472,5397051.245235072
1473,12907136.642652482
1474,6409558.388698533
1475,6419949.123157452
1476,8914418.326053089
1477,4809124.166805648
1478,12435461.530318905
1479,2233501.5350186084
1480,5147240.029369277
1481,8261233.931635978
1482,4827969.394829618
1483,7293741.264329987
1484,5888928.98324351
1485,6674558.424828833
1486,6232903.515982983
1487,5701287.08003744
1488,14925893.73622195
1489,4536532.349029418
1490,6339727.246830685
1491,6736180.6631297795
1492,5563296.141909899
1493,18964978.04186465
1494,5440405.112295379
1495,5984508.016708405
1496,9208083.224714728
1497,5170985.863646365
1498,6366036.151310334
1499,11806335.724838497
1500,5125649.99992922
1501,6758235.203694918
1502,4305385.271092337
1503,7026412.02249941
1504,11061092.20877291
1505,6461610.285946633
1506,12465914.25554158
1507,8432180.037759198
1508,6069668.533854973
1509,11122126.380123751
1510,12699319.835380245
1511,9337751.48324603
1512,12571351.081119683
1513,8766221.336473567
1514,6245764.495070455
1515,8116481.0974144675
1516,5831744.229021884
1517,14437191.59588197
1518,9265679.110358587
1519,6219734.809518583
1520,11269549.87076378
1521,8309572.20999053
1522,15663508.45481044
1523,19293655.73827886
1524,6556012.2363172015
1525,9508770.357502304
1526,6993042.78971583
1527,7718472.828249381
1528,5672242.946019953
1529,5977951.561922774
1530,11268659.620961452
1531,13814606.794810817
1532,9214389.82052699
1533,6303576.446587235
1534,7818128.386259316
1535,8205412.531194903
1536,14155458.838691575
1537,5052528.675780643
1538,7776274.136510256
1539,6491643.333931076
1540,5054975.225318264
1541,24708002.722226508
1542,6204184.011351975
1543,6150292.499728439
1544,7009327.873954042
1545,7975382.990726522
1546,7531484.582065711
1547,10595035.127614258
1548,4602102.833053322
1549,13537448.956137622
1550,7956543.4982823795
1551,6607335.370821497
1552,7435554.287875334
1553,6634887.697324874
1554,6736084.491928618
1555,7223874.698790826
1556,20616318.60067215
1557,5013503.160703286
1558,5336788.480202421
1559,8707291.71121853
1560,7273584.742282866
1561,17471890.784799665
1562,6372581.2204626
1563,7177772.036792267
1564,6076709.455648052
1565,5867853.206682577
1566,7374036.575746587
1567,7329779.087711443
1568,6509214.475910935
1569,9395475.879763111
1570,7959843.0422642445
1571,8152190.5305437
1572,4894725.435838397
1573,7376723.556763373
1574,6540023.010509591
1575,5276194.802362928
1576,4655245.078032531
1577,5684420.9498288315
1578,7472179.019142247
1579,4395166.904007977
1580,8500862.224785708
1581,6171473.887851585
1582,5909806.090799032
1583,11546222.181154076
1584,7030288.36578331
1585,9204406.503528839
1586,9907519.95247827
1587,7157848.755113063
1588,5544815.425694043
1589,8631508.230824245
1590,6661639.517240773
1591,6892525.168440111
1592,8539484.216235535
1593,9953682.16069787
1594,8414830.963237626
1595,4918936.314213418
1596,12040298.99980786
1597,4978066.59610042
1598,6305974.422914861
1599,4191595.3380659427
1600,4496423.461414757
1601,11789440.80655965
1602,6487752.856588418
1603,6651073.545742356
1604,5644624.174044928
1605,14587347.40666423
1606,7352815.492579392
1607,6564696.047401192
1608,6786716.007848102
1609,8366778.421465759
1610,6196777.221270608
1611,7471790.064214168
1612,15626124.113211798
1613,7429858.448767685
1614,4676772.089739288
1615,4948806.214316588
1616,5935888.070444525
1617,6543000.010908494
1618,8914218.105139859
1619,5529644.903838722
1620,4229827.514896053
1621,6476202.275417756
1622,7848109.725609465
1623,8777630.093730884
1624,7511267.264603501
1625,6420942.472290056
1626,4879630.405906287
1627,9827065.541792963
1628,6817803.46091881
1629,7103029.043899605
1630,4584389.867321939
1631,6030554.803032743
1632,5343579.707755123
1633,5558855.861853873
1634,6741737.953441688
1635,8010227.447370678
1636,7550796.819801848
1637,10971283.492901076
1638,13461476.835556358
1639,6159552.442807737
1640,6728985.891829692
1641,12402237.608861484
1642,7520384.560142459
1643,26860050.808480397
1644,7108044.53793326
1645,7488942.271149349
1646,6141591.57587797
1647,7373969.620475914
1648,13586471.227335887
1649,8180206.393972773
1650,7578939.6463832855
1651,11502113.423700579
1652,6386021.198769009
1653,3689772.615253792
1654,7069280.361914027
1655,8128175.651067048
1656,7102543.516814342
1657,11006297.408824094
1658,12956922.401370496
1659,6333708.997122405
1660,5790822.216855542
1661,6186074.291839791
1662,16136631.961265037
1663,15009521.352325149
1664,6390865.74583202
1665,6123809.073554295
1666,11112127.011150539
1667,4876232.476952733
1668,11225211.075917615
1669,28999372.92287264
1670,12705718.35222612
1671,6644284.4389457
1672,9542177.825474229
1673,6292312.888793536
1674,8418209.163315607
1675,7033520.792963723
1676,8852859.792173322
1677,3386914.757993439
1678,8507136.399157824
1679,5791481.970716166
1680,6711466.88792895
1681,8954097.503033219
1682,5421279.509289507
1683,6777146.760865696
1684,7523890.182710785
1685,5875649.325548236
1686,9863525.287746577
1687,3807743.4721230087
1688,8958430.68107354
1689,4874266.416819822
1690,12711128.042959347
1691,4755771.338319955
1692,9031149.473382846
1693,7086447.499215096
1694,5594075.711655734
1695,17334567.034386665
1696,10865825.259608772
1697,25234574.280007925
1698,9435395.178268911
1699,8061338.171602376
1700,9795231.091001162
1701,5265178.775769599
1702,6170764.327365323
1703,6969405.087513397
1704,8545500.764698163
1705,8470905.959880296
1706,4440960.961685796
1707,9747039.465887884
1708,7331002.624294958
1709,5404354.310037586
1710,5152282.679475428
1711,4698022.902691808
1712,5611691.275177065
1713,8632262.923212973
1714,6607009.595975013
1715,6929424.595484015
1716,4950085.06879525
1717,6344783.198431714
1718,14456253.892606478
1719,9449565.98403469
1720,6172407.641842637
1721,9354834.260308418
1722,8503615.515738854
1723,7791564.248721195
1724,16146982.592635537
1725,9709154.426364668
1726,7200872.217526821
1727,8410061.843509892
1728,7569025.449687911
1729,2626214.562403515
1730,4733165.256012182
1731,5410427.003453837
1732,6168319.740740238
1733,14891799.418417834
1734,7323105.102199148
1735,6672847.237657076
1736,5923010.902706739
1737,19972081.93231744
1738,8990833.293374956
1739,5333273.562251568
1740,6831314.488795229
1741,6693409.354803297
1742,4653503.563334087
1743,4051108.430118127
1744,4150408.7412006436
1745,5157649.344453456
1746,9449557.654646512
1747,6826479.405707004
1748,11799047.852625813
1749,6007982.502748539
1750,6497072.178487708
1751,8434969.767318474
1752,7814599.935044268
1753,7081356.541466188
1754,7966054.021380065
1755,7372126.626946717
1756,4459894.903512972
1757,8921435.010943398
1758,6009421.259757575
1759,13166373.372543663
1760,13193374.08556794
1761,4385620.172209581
1762,4539896.858614863
1763,8893169.312613431
1764,5836170.599660654
1765,7369557.938908304
1766,8602412.62492383
1767,10368103.860836081
1768,4947292.657754684
1769,5295507.398514235
1770,5883068.420043876
1771,5387843.100564903
1772,10431494.765374506
1773,5774259.262342555
1774,12532042.329830498
1775,7643432.256121386
1776,11404455.719332155
1777,8496698.628095318
1778,4437491.059571829
1779,8800731.409260036
1780,10471534.064812409
1781,12993837.864735628
1782,7108361.488149494
1783,5021618.908326343
1784,7462496.137739309
1785,7270417.140161181
1786,6080055.307113318
1787,7299576.318606136
1788,7985513.463431246
1789,7352359.690820413
1790,4879869.031410436
1791,6691746.857947126
1792,7940727.210842213
1793,7295498.808625458
1794,8926111.011945821
1795,2849481.8384340378
1796,17420911.294824686
1797,11378021.789963696
1798,5081335.453340967
1799,11398962.86524604
1800,4777934.619956069
1801,7596823.680956455
1802,9391539.897082321
1803,5445547.0320034325
1804,6195091.780954773
1805,7005629.484480122
1806,5467053.967614006
1807,4886858.2755038915
1808,5983758.545664891
1809,6073235.114986306
1810,3610219.8033750793
1811,5774401.725962572
1812,5148378.8018132625
1813,7471563.483013868
1814,5651856.650273397
1815,15724488.69978615
1816,8032644.459844656
1817,12493476.819262173
1818,5793902.46966281
1819,6623753.235676125
1820,14565840.716821302
1821,5603554.26811962
1822,16153236.083505837
1823,6410911.779779957
1824,10284355.972628504
1825,5214669.685835432
1826,6284034.530642884
1827,6053744.988516851
1828,11903897.118959669
1829,7515787.506770149
1830,7751155.610653332
1831,6134671.159800675
1832,10983537.5034241
1833,5508972.690721721
1834,10942622.137560457
1835,8730906.092945317
1836,13609890.924498435
1837,7165902.501354864
1838,5427121.559348625
1839,12995562.30476497
1840,5590245.769673198
1841,10181628.356038928
1842,5050955.949619819
1843,5922476.349753356
1844,9981441.520633176
1845,4740742.672482551
1846,10232246.678537607
1847,2149644.0598773155
1848,8919344.70161355
1849,9346789.89602332
1850,8975693.917965371
1851,3689211.30124852
1852,8224242.0624819035
1853,9910045.515598025
1854,11191235.830717815
1855,8424127.961651945
1856,7542304.810754007
1857,5587209.968857846
1858,2831652.0527734654
1859,8018997.08253273
1860,11853511.71170289
1861,8051347.716978017
1862,4247767.449669983
1863,13559874.570527332
1864,11889654.287906893
1865,8705876.509188661
1866,6842491.12727013
1867,12669134.595974594
1868,6548854.960992005
1869,6823471.969985397
1870,7519193.211632976
1871,5650910.49516335
1872,4482619.731636073
1873,5613326.736445099
1874,10855720.662644433
1875,23129350.40563458
1876,5401123.00029283
1877,7247576.784980347
1878,2968312.232419584
1879,6146961.27307881
1880,6411316.120772589
1881,5336674.976215094
1882,5803086.491024474
1883,14380911.978803147
1884,4006390.7795703276
1885,4838399.958055602
1886,39418219.49631572
1887,7063175.3288925905
1888,10962178.442436123
1889,9422487.187801588
1890,8993109.313829908
1891,6155311.075832306
1892,6312015.951304306
1893,6457206.322649686
1894,5778652.167280635
1895,9657048.75130555
1896,8349355.979838951
1897,6416168.499083241
1898,15716254.474161783
1899,5168457.371600087
1900,3838446.9553758716
1901,15069921.506741
1902,7604057.380218599
1903,8901004.259450719
1904,3790488.099098674
1905,4225490.232163809
1906,6276150.2545028245
1907,4399353.393918052
1908,7871170.0181637965
1909,6227271.139192734
1910,8852021.331720727
1911,6220172.965388581
1912,6605827.685822256
1913,9214244.389854707
1914,5520209.4063607305
1915,5055272.821291261
1916,5114851.371277178
1917,5023255.920594146
1918,11013066.041213658
1919,11944270.832024889
1920,7304216.208673981
1921,5410998.746753811
1922,14437410.26427374
1923,5334724.831810109
1924,5924231.853190869
1925,18417473.205277853
1926,4941665.985642342
1927,8008660.863263383
1928,9868829.998804504
1929,5161539.486137978
1930,6654264.863327872
1931,5757565.754950741
1932,7238637.638611688
1933,4694865.183066736
1934,6864496.256297873
1935,7336606.980005584
1936,6412728.005791224
1937,7306659.571237557
1938,5810788.4291165145
1939,6293373.300071425
1940,5987913.020120156
1941,6994508.783783994
1942,17699026.827742446
1943,5775980.065064145
1944,6820959.305828258
1945,6090827.927723486
1946,8762141.405265022
1947,8055121.073495746
1948,3481020.586053325
1949,7583493.018694491
1950,6071019.625253445
1951,5794860.278462326
1952,6522789.532604919
1953,7893342.638125014
1954,5731403.339869591
1955,9642288.331051975
1956,11183116.961412687
1957,6523434.1617545225
1958,8475896.33729685
1959,4904738.992589135
1960,10250916.164076682
1961,6629226.419878691
1962,10780827.514581807
1963,8871412.10535385
1964,9036778.490220973
1965,4541932.651174812
1966,8798962.656184848
1967,5404899.779987939
1968,5914532.489551226
1969,7071229.192739594
1970,11741558.68567321
1971,8005732.07138369
1972,14162719.750206975
1973,6175252.1581882145
1974,5281485.558785707
1975,6483532.570751734
1976,6035565.817169124
1977,4893359.305183875
1978,10666063.216934195
1979,8955801.15816609
1980,6624008.400624886
1981,6501458.339186385
1982,11945355.751306577
1983,5926179.23224645
1984,6868343.392764602
1985,5684443.226751287
1986,11188602.416912913
1987,4795375.781822937
1988,6450689.611124509
1989,6089502.643599173
1990,6770818.701894412
1991,6992009.383680563
1992,6284500.474348474
1993,8223478.984316804
1994,9730729.389064785
1995,8820894.61704687
1996,6831640.92201904
1997,30456937.162859946
1998,5771170.235617028
1999,5434756.823246912
2000,4851849.624791221
2001,11653546.89219125
2002,4283774.468078398
2003,6227819.213600763
2004,4891438.536778592
2005,7249880.253435823
2006,7400217.901085553
2007,8802715.371273704
2008,6224393.294743024
2009,8775651.568810245
2010,5119849.180492299
2011,5790276.289095533
2012,6443650.948948173
2013,7986616.923167326
2014,7293691.363695767
2015,11344297.795361001
2016,15449775.004352795
2017,6109172.930211515
2018,3479180.154998689
2019,10121981.241991792
2020,5096743.735492249
2021,5830323.96447589
2022,8819285.683796834
2023,12174244.812576313
2024,5275045.929612437
2025,7963961.703931424
2026,16210864.163627584
2027,6634346.653039671
2028,5193880.399304444
2029,10818728.081454001
2030,10659474.313243223
2031,6073636.437444521
2032,8291328.403556861
2033,8287846.718496639
2034,7064567.633038377
2035,10897556.984678589
2036,6835081.449915031
2037,10591768.859455638
2038,8008784.655949485
2039,11960476.639005922
2040,6675371.371962753
2041,8821002.158036066
2042,5665909.64484032
2043,5736425.626799874
2044,6456476.9187971745
2045,6552271.164733905
2046,5497680.118639259
2047,8449125.21230771
2048,8039743.116455841
2049,11437532.7961017
2050,8319241.2405081075
2051,29510723.185359504
2052,2469790.786694248
2053,3481097.0500848186
2054,6200311.549370028
2055,4361416.707955161
2056,8323179.146849307
2057,5598447.399544392
2058,4900710.869273431
2059,5663663.931849861
2060,8523475.825623455
2061,8683673.059932351
2062,5796766.014015856
2063,23893355.471298486
2064,7408914.502791977
2065,5941502.553351546
2066,11199923.175581088
2067,8016440.70977811
2068,3315934.8272408135
2069,4415280.611148214
2070,8350073.679565318
2071,8617172.439727059
2072,8399756.271834688
2073,10396017.419834834
2074,3615490.702141562
2075,4668960.550581862
2076,9576150.248500498
2077,6239799.33941726
2078,6358865.862940532
2079,5291394.568481263
2080,5091655.633867109
2081,6624807.263685379
2082,5926574.207749643
2083,8778233.220711092
2084,33818350.39651198
2085,7920561.423080305
2086,8841389.683128871
2087,4476448.318740638
2088,6471362.569068633
2089,7896219.8412510855
2090,6102891.64693539
2091,6247459.1092330525
2092,6473990.656526452
2093,6974648.393346033
2094,5674987.179218844
2095,8237120.565132896
2096,5051310.036716423
2097,8488441.268420639
2098,6456554.273969222
2099,9747381.499863718
2100,6608083.458326438
2101,8742569.540115098
2102,12289900.68666336
2103,6221852.323010355
2104,6312221.424486
2105,4874554.194253508
2106,3065216.8066536
2107,6511506.7358399695
2108,9770086.4126067
2109,7130555.148278233
2110,5233004.004305905
2111,8751467.131475335
2112,13660801.417029928
2113,8951473.766192667
2114,45029976.92707048
2115,6451991.308855183
2116,4041434.675709515
2117,5928547.039511482
2118,6987994.383221751
2119,8518162.195759637
2120,6660287.527399171
2121,6756522.704725005
2122,9082473.580848137
2123,4920505.122947266
2124,6120672.478312815
2125,4303277.0138267195
2126,11427282.077342506
2127,8958863.03556854
2128,6185189.812225124
2129,5639665.201588117
2130,5993997.910379335
2131,5317748.918346652
2132,7405755.42289241
2133,6223760.082578104
2134,12160087.92222492
2135,5450084.516695269
2136,5425965.237226985
2137,13905095.720597692
2138,10955039.495237485
2139,10190596.11525172
2140,11213232.931874989
2141,3584841.4078797633
2142,5919993.787776445
2143,8554486.073946629
2144,6106515.273681127
2145,6504657.087726891
2146,11263811.210048463
2147,10595419.807709768
2148,9655442.304036818
2149,5651451.199686444
2150,13951269.235481724
2151,8669248.187077848
2152,6779540.077437829
2153,7912681.026775784
2154,6235432.67143633
2155,7229061.562848636
2156,10896773.886734953
2157,8339161.730100425
2158,11852482.531146223
2159,7386660.942251631
2160,8615629.764258618
2161,5443752.455889489
2162,5593859.041052533
2163,5591474.603743661
2164,6360307.374270987
2165,9372290.897558494
2166,6099757.8168183565
2167,11500927.012521088
2168,4860679.118148876
2169,7775886.23426696
2170,10228175.4813799
2171,11566955.144562684
2172,7518682.927283973
2173,8013227.411670772
2174,29948397.23509691
2175,14327315.378760118
2176,10904852.61630067
2177,6188499.166998489
2178,5079777.526902417
2179,24263268.039205678
2180,8934536.789958999
2181,8487600.717166496
2182,6778280.296250818
2183,11005220.932332415
2184,20777415.373282626
2185,8829185.93740056
2186,5551137.646682676
2187,10442386.080716658
2188,8348049.957819808
2189,8028565.550479449
2190,7284548.934052624
2191,4106210.563620218
2192,12154047.479634274
2193,7155299.200132369
2194,6174733.445478054
2195,6111354.45902426
2196,6668695.0117039615
2197,4820423.785368158
2198,4866660.789928601
2199,7769618.160402719
2200,8768991.699261017
2201,6979275.559667952
2202,7374485.515239515
2203,6081510.706468655
2204,5680456.609222367
2205,13986628.843866417
2206,8775210.91854684
2207,5154678.995016412
2208,8971818.073810214
2209,8110980.402821957
2210,5033697.441656381
2211,4278696.222524375
2212,17486829.937261812
2213,6527703.66122522
2214,9750208.466822984
2215,7713767.543621091
2216,4749249.787479939
2217,9126529.285720836
2218,7510296.423339292
2219,7689069.212691577
2220,5136230.786515018
2221,15165044.924777962
2222,5947204.047011586
2223,6447386.976109683
2224,7508585.6014584135
2225,5677782.75115839
2226,4846887.356977668
2227,3628336.841134162
2228,4872162.903126897
2229,2695800.7569760587
2230,6055120.252857616
2231,7007022.248734135
2232,5305076.964373318
2233,5866579.58342354
2234,8340186.617283004
2235,5234939.612152969
2236,6978602.676042773
2237,5374801.848524101
2238,5658220.189949365
2239,5086344.018295503
2240,5769040.340601577
2241,5847116.777646589
2242,8858033.875443233
2243,21320000.926072598
2244,4749411.131397415
2245,4011858.4745863373
2246,3550811.462230115
2247,7261868.173551045
2248,5673676.394364429
2249,4289724.362761327
2250,9659034.306584252
2251,14625684.709161356
2252,6378061.296049136
2253,6589724.051838858
2254,6199480.358265821
2255,11194467.71500285
2256,6072626.214617421
2257,8488441.692204133
2258,8053393.006322718
2259,4458877.345259385
2260,10675556.65850346
2261,6845947.118241908
2262,14745154.623481689
2263,4212751.701234324
2264,5957315.326587088
2265,4391326.394136492
2266,6492580.310464256
2267,11572946.860508969
2268,6945758.816212321
2269,6848006.080860313
2270,2815931.7191962674
2271,6408446.666947225
2272,7911506.41451642
2273,4561252.995510774
2274,5720276.3287618635
2275,7506408.219929323
2276,6480863.676579126
2277,4674486.183346111
2278,5616172.863003051
2279,6981344.294518057
2280,10103643.909854038
2281,3311883.5200594077
2282,6383167.365201455
2283,3267350.538793738
2284,4727242.036908217
2285,12741597.155849617
2286,5946979.043082485
2287,8369571.73412645
2288,6548383.433214016
2289,7272100.521970768
2290,11362109.38107454
2291,6184875.834403364
2292,6267992.32131176
2293,10924156.773294833
2294,5396216.755696686
2295,6393395.881589094
2296,8086460.974676424
2297,6057559.439039979
2298,5128708.078133338
2299,9677739.27621101
2300,12374219.55562428
2301,9993026.8510574
2302,8334494.22476583
2303,6047438.631251181
2304,8181407.9980898835
2305,10925573.653860308
2306,11198522.927819517
2307,10194656.448974106
2308,5842579.972672073
2309,3253004.5687731653
2310,11900651.433535736
2311,6037015.518850243
2312,7880176.325281221
2313,3431402.674285307
2314,18528601.94059339
2315,5544061.05092058
2316,10831509.369590279
2317,8024000.972398357
2318,5707028.841437491
2319,5031559.632019533
2320,4990508.929572141
2321,8963279.829490831
2322,13008233.905514453
2323,6898795.783617368
2324,5967403.2986215865
2325,7746334.091906444
2326,8162667.80398104
2327,12096516.249080539
2328,6187062.726179006
2329,6263485.575006396
2330,7799274.011711674
2331,6384705.00163956
2332,5621726.201104195
2333,19296417.796802823
2334,4419748.633177027
2335,4316585.133349977
2336,55777777.04241764
2337,6896142.581300303
2338,6785203.096926824
2339,7733101.436003711
2340,8062332.0336154215
2341,4541257.320864461
2342,3769436.467888357
2343,6738649.325690249
2344,9396249.243628656
2345,4404280.750848843
2346,4345492.4392132275
2347,10861728.886587743
2348,4541233.337224938
2349,6453318.120835416
2350,6988385.409999552
2351,6894934.815510154
2352,5290155.596390549
2353,8963115.534834007
2354,5032326.6923004035
2355,8705228.989789091
2356,6098122.235146083
2357,6820080.8626224315
2358,11425562.13386157
2359,7615665.626153699
2360,8388147.135711665
2361,6680079.524641715
2362,9989522.337187989
2363,19890492.478421107
2364,14760144.165911824
2365,9141168.298639346
2366,5678616.019534979
2367,10342705.20093276
2368,4400337.937429636
2369,6712601.101009592
2370,6536730.643665588
2371,5008454.077751243
2372,10658166.547531657
2373,6397155.782677116
2374,6769954.458126167
2375,9816380.863693016
2376,4034817.1046701395
2377,13962222.039854854
2378,5585964.695464623
2379,7175769.83822566
2380,6467338.354567778
2381,6823896.860641578
2382,6321802.109275786
2383,7263505.382858847
2384,8330417.898194601
2385,9323295.553213542
2386,9021420.30314053
2387,4868958.958372842
2388,13494760.978890473
2389,8665318.214304324
2390,9342140.991337392
2391,4834684.105202417
2392,3237686.136403388
2393,16368027.619986195
2394,10381284.703600034
2395,5126138.35242625
2396,7940539.972722472
2397,2512630.471264115
2398,10625918.365226574
2399,29824210.376398012
2400,9916166.672212258
2401,5986631.970703715
2402,5640326.476955654
2403,9440640.790273696
2404,5683039.208813825
2405,3749695.814265392
2406,14189811.893330352
2407,5475813.138192137
2408,15035282.582661252
2409,6480631.95893491
2410,4052239.997808565
2411,5166758.183619517
2412,5532449.075759938
2413,7292104.197244243
2414,8820435.489615638
2415,6952533.320000678
2416,5708996.455319002
2417,8729613.507812072
2418,7516000.189144693
2419,3435652.4244193
2420,7924562.489626116
2421,7615587.976117705
2422,7944280.925348977
2423,7594756.4110381855
2424,5634031.317560141
2425,6491675.92766104
2426,7373793.829400848
2427,10208519.48149484
2428,5377221.628477428
2429,6953855.876849448
2430,6193835.234383951
2431,11153677.46051696
2432,4244493.323532833
2433,6402584.473238569
2434,6037214.376048015
2435,7921420.837481334
2436,9914852.193355484
2437,13610280.95549458
2438,6831135.41857977
2439,16507066.957319774
2440,8637105.60106685
2441,8307174.060368624
2442,7299461.912480209
2443,9879153.740966659
2444,9268524.84638003
2445,6566448.63088521
2446,3561407.3272954323
2447,4409296.039489474
2448,7774229.457237316
2449,11817929.498476196
2450,5544833.44182995
2451,18296748.797899075
2452,8396742.007983143
2453,6427557.768861178
2454,8697100.362304695
2455,5873832.858578308
2456,4234532.403769327
2457,9559335.350528426
2458,6460587.060369762
2459,4857057.280406171
2460,5885615.0011002505
2461,7629222.45072571
2462,6978890.281394565
2463,6158116.02849721
2464,5558813.797927022
2465,5815888.05287732
2466,4829243.282322514
2467,5647294.101591758
2468,7304971.4804954305
2469,4921780.515650397
2470,4512527.204724436
2471,9752882.413119411
2472,6354393.877572511
2473,5981340.200539102
2474,15511475.331998888
2475,5966275.035864791
2476,13641218.506271867
2477,4530951.653465756
2478,12209612.609320603
2479,6056847.867706527
2480,7650965.267728252
2481,9877692.710628156
2482,6943597.9293481745
2483,11299182.784438284
2484,5911816.6131695425
2485,6654268.6816020245
2486,3715771.798193765
2487,5343622.537666868
2488,6460728.16965026
2489,7078997.669982622
2490,8547372.651300114
2491,4769188.058197482
2492,6380594.5309423115
2493,7228967.894963638
2494,6608443.797973877
2495,4767544.110669102
2496,5834981.823309443
2497,9853913.481316896
2498,5578337.251863105
2499,6184702.98359308
2500,6966805.1948062265
2501,6510792.393912602
2502,5544523.173769666
2503,6484292.524357896
2504,4924858.774134974
2505,9083368.01509196
2506,6656944.096194154
2507,6180647.789930177
2508,6354455.041852824
2509,5261620.647946343
2510,5539081.625117833
2511,10456530.55305954
2512,10837329.849137291
2513,6911557.113512604
2514,9445274.895584114
2515,6109822.003375459
2516,14314423.083405538
2517,5959359.473563245
2518,7532040.166143019
2519,3786901.138648892
2520,9430302.194183163
2521,14099389.475481248
2522,6019702.485996222
2523,5961028.2881787745
2524,6378735.882377712
2525,6802742.0292045735
2526,8996240.95797511
2527,6568093.291661713
2528,3883972.7088435167
2529,6157876.442244674
2530,22082597.854707737
2531,6656981.765945244
2532,11718806.321498059
2533,7787636.4506173115
2534,5157580.276027564
2535,4841277.021449817
2536,8132509.509076987
2537,17121977.720585156
2538,6191224.1061106585
2539,11105375.410651933
2540,7887180.740788526
2541,15278370.971760394
2542,6456865.715611417
2543,8945420.96069217
2544,4638333.420828895
2545,6995890.3365357295
2546,9396067.533688234
2547,11763778.781740855
2548,4021680.51123849
2549,5481347.922555681
2550,5902599.972320022
2551,15823146.799284428
2552,5635698.3582914565
2553,4631759.21131892
2554,6759894.883696857
2555,17308227.551545918
2556,6553167.728622332
2557,3855366.0681799566
2558,9520363.42603856
2559,9083225.0885702
2560,7274152.052803699
2561,13014656.054725828
2562,7087509.447772926
2563,4989185.625110695
2564,12334954.8946288
2565,6402041.3268676745
2566,3999280.9365906385
2567,10453879.96361139
2568,5758594.8564769095
2569,5934913.315692516
2570,7202775.047885426
2571,8224514.525667188
2572,4168452.5904274536
2573,4891414.80822783
2574,5145619.314646162
2575,6100553.502423642
2576,6416418.749521258
2577,9492113.68616011
2578,11152197.327016883
2579,6350120.44953469
2580,9400586.419472545
2581,5258585.76957547
2582,6355705.158595497
2583,16214447.661682945
2584,6960342.874883787
2585,3149690.569760097
2586,6083817.23525805
2587,9829403.086147627
2588,6772306.2743999
2589,5873681.074802145
2590,6372502.563713986
2591,8632618.002442744
2592,12698892.871085986
2593,7543998.7220588615
2594,5769220.7377777845
2595,5392686.4333251435
2596,6553837.319863293
2597,9427703.538634751
2598,11235910.195634594
2599,9343572.036118058
2600,6532166.527443137
2601,11099462.09775887
2602,6577936.48441414
2603,6607083.789203248
2604,39442567.54087067
2605,6793266.683767684
2606,4836140.7546344
2607,6441730.299430486
2608,7285885.433432579
2609,4446753.774625803
2610,7661745.497671739
2611,6634683.391866179
2612,7193778.149024278
2613,5161282.915889698
2614,8475540.74464806
2615,9876513.429190882
2616,5889163.37795125
2617,8190258.65088542
2618,6354749.261467413
2619,5799936.620110892
2620,9934737.389274353
2621,4118696.156969766
2622,7666647.271089021
2623,6522196.946205652
2624,6359166.746264031
2625,2116640.142972822
2626,6040131.559610559
2627,7250604.696238391
2628,10767832.30087805
2629,8282898.002411861
2630,14429698.306084316
2631,5863698.749904092
2632,5412995.494763131
2633,5679956.228447506
2634,7121323.019336317
2635,7022522.04860598
2636,7345872.411705899
2637,5796379.542020241
2638,6190041.1639425475
2639,4560885.745433664
2640,1899185.914321853
2641,6818709.234599557
2642,6619664.358544353
2643,11373905.974829888
2644,12495767.117047384
2645,5861407.409398848
2646,14134773.517534714
2647,22111308.396334082
2648,11841140.55473994
2649,7286822.868626291
2650,11548984.31661879
2651,9048214.169116199
2652,8819895.7295258
2653,7218773.270308208
2654,16146230.380075324
2655,9633042.727273569
2656,4645554.579666663
2657,13556832.301286327
2658,7929691.379766849
2659,6460402.473376316
2660,12288282.35728185
2661,5403077.523105122
2662,11528158.492055045
2663,4955218.02977136
2664,7824642.162604605
2665,4182477.9147380725
2666,11024554.766523497
2667,5292239.912865006
2668,5422010.419527359
2669,7995834.581707213
2670,4133495.7304682597
2671,9371609.680609481
2672,6097316.454017082
2673,10153738.649865136
2674,7810531.853938735
2675,5790584.3818671685
2676,6618816.120689483
2677,8236589.745067322
2678,6841043.261453244
2679,14303181.13887385
2680,11186905.138233984
2681,13744793.522813566
2682,6304432.932843778
2683,3473374.9765604185
2684,6451026.701641933
2685,6615878.76848766
2686,5259352.867447208
2687,6609274.923559299
2688,6660756.985419921
2689,7040929.986157489
2690,8895455.944368197
2691,6298148.896941653
2692,11041764.164333843
2693,6798186.044191759
2694,6308136.537993789
2695,5517435.064649454
2696,11972193.56559138
2697,7257013.831632576
2698,7759084.393345857
2699,3474658.9505026247
2700,7706642.23411412
2701,9035014.937728992
2702,3328882.1946177427
2703,10672294.552933328
2704,7374418.95343587
2705,7016381.582112333
2706,5104823.030514467
2707,5260473.7606954165
2708,7582259.1670112945
2709,9180602.381045122
2710,4579460.73445402
2711,4251444.208291312
2712,4169811.551300962
2713,8060644.652354201
2714,1939856.1562672276
2715,8220960.234061426
2716,6159466.561686744
2717,11513270.46990527
2718,7141488.916936031
2719,7818552.278954408
2720,15376543.612352934
2721,9605003.847712351
2722,7011444.474302158
2723,6509656.753089199
2724,5413101.3599150935
2725,8586361.69382462
2726,6466943.866935389
2727,13270739.630064886
2728,8707651.077964058
2729,5941034.226431361
2730,11012521.483149646
2731,9031347.954343094
2732,8912731.349241316
2733,4314966.396398306
2734,6091635.677806575
2735,9055622.527480561
2736,14347215.921947628
2737,6966816.731570815
2738,6902591.328405359
2739,5973930.225246822
2740,5267165.87465078
2741,5112981.829778907
2742,8376017.003000259
2743,6955479.609909378
2744,3010063.331571558
2745,5758605.579728857
2746,5858102.137855654
2747,6057882.931962201
2748,9209559.666827993
2749,6273328.119359089
2750,4882934.089684911
2751,10233454.741142284
2752,18910016.405485496
2753,7921190.423672974
2754,6195041.963787107
2755,8058354.825954412
2756,7471160.163035537
2757,7907524.756603881
2758,6469630.941176574
2759,6105585.71870405
2760,5264050.74356834
2761,12149683.669306455
2762,5850682.210272724
2763,5079686.120158161
2764,6408106.947236292
2765,4879366.316659581
2766,4823043.161180636
2767,6701418.315186965
2768,4444206.821835832
2769,11070031.307276089
2770,12910005.7583488
2771,9926898.374037515
2772,5863120.559141722
2773,5031297.108226767
2774,5868613.852982992
2775,8533819.476609059
2776,5869680.447979426
2777,7820649.104407168
2778,4987136.02360663
2779,4923564.597756094
2780,8335282.229010692
2781,7719549.944701514
2782,6770590.478167761
2783,7343456.137279615
2784,7819073.489110054
2785,6194808.398974698
2786,6924049.981534799
2787,2023119.6115711485
2788,6707618.5641479045
2789,14774751.56483687
2790,8049413.373120247
2791,6023268.316824654
2792,5371684.981737167
2793,5816031.109163984
2794,8875385.035486754
2795,6579601.171028553
2796,6927589.119996957
2797,8710316.989520464
2798,5901318.188282021
2799,4696428.267577073
2800,8635061.95422622
2801,4877994.407850549
2802,7583989.722684337
2803,5223102.812935828
2804,6555175.349828773
2805,5087728.510208609
2806,9825416.585334204
2807,6289607.234178629
2808,6504750.918214148
2809,5529738.2944137715
2810,6547201.244344105
2811,8955283.162478786
2812,4115849.126863028
2813,7367330.211452074
2814,5097503.929579842
2815,8014345.689106906
2816,6535773.97413133
2817,10910280.251126323
2818,5316578.4370899
2819,6530318.741076851
2820,8315669.776165455
2821,5903339.532420212
2822,5259949.071448194
2823,2748843.544086137
2824,4903170.66237946
2825,4491073.555110544
2826,8892300.51831425
2827,6843465.235767298
2828,6075471.5901561435
2829,6852596.154283908
2830,6450893.501792351
2831,6046798.3453734005
2832,5006147.343377424
2833,7460584.484924583
2834,9576422.036372915
2835,7051892.739126131
2836,10159551.16628755
2837,2663158.868682183
2838,5057283.6489793705
2839,9856055.174138928
2840,6543553.8590482045
2841,5083709.637351933
2842,5488016.459372665
2843,5095613.848563769
2844,4745813.928843653
2845,6765713.741159756
2846,9996730.458703887
2847,8371790.834008439
2848,9434604.189075883
2849,11834556.819408704
2850,7296806.329060466
2851,11243654.862446107
2852,5615775.2892781375
2853,4901858.417971377
2854,12408993.584687674
2855,7899091.01891903
2856,7194115.412647523
2857,2802949.503750638
2858,6669077.937648401
2859,9408901.977363924
2860,9540745.794544457
2861,5846504.432120353
2862,5866697.010860639
2863,5441896.995149378
2864,6526555.367674884
2865,8373831.503616035
2866,6496384.67115375
2867,7734041.278736634
2868,10667228.721123483
2869,4968121.502688913
2870,7266394.210751543
2871,8416536.619004192
2872,9522591.231722647
2873,5953443.746801919
2874,7829814.212220191
2875,6015397.871422585
2876,6714890.4302775385
2877,3701009.3142894953
2878,11875024.622400386
2879,7086477.039276184
2880,4836456.503643824
2881,7080564.005334739
2882,3197083.6190021844
2883,6550340.175345989
2884,16135434.31292065
2885,4699590.483094058
2886,6812590.090348251
2887,4598810.9163434
2888,7723764.0433967365
2889,3583569.21473072
2890,5557417.859667202
2891,9789506.584408868
2892,6668832.89709402
2893,2937685.047809824
2894,4993004.569967918
2895,6109391.244428946
2896,7206812.434917154
2897,6585576.595577326
2898,6764418.172488413
2899,7318503.51024118
2900,6014377.755434875
2901,6683687.436800184
2902,8820588.940982454
2903,10719686.350230686
2904,3826901.6147181657
2905,6807732.240492488
2906,9016608.81993745
2907,5344965.152456375
2908,6377479.255692409
2909,13874099.414692357
2910,8417471.971095031
2911,5010489.906752568
2912,9898164.853152055
2913,9791371.590132248
2914,6149171.2504931865
2915,6623268.807050681
2916,6030297.511273509
2917,12516873.86217437
2918,6288930.629088497
2919,5030602.971139524
2920,5370388.696430454
2921,11664625.479560344
2922,7261808.410037349
2923,6027972.860163514
2924,7467726.073719464
2925,5511329.927553858
2926,7042937.186646066
2927,8893760.021241786
2928,16761666.521450775
2929,11900760.743232101
2930,7691832.191254534
2931,7423191.403156347
2932,3026116.2302838406
2933,12955154.62343676
2934,7468414.201716183
2935,5467575.320178073
2936,5779010.712271508
2937,6732273.144151958
2938,6392946.419207396
2939,6034408.355849542
2940,16272001.485261228
2941,7730080.115847441
2942,2737168.604129105
2943,6762147.47759402
2944,4965613.436227253
2945,4834608.218485672
2946,8360845.653024781
2947,5717472.647523056
2948,6222828.156650171
2949,21824933.812212437
2950,5483694.833750704
2951,6960703.916653631
2952,5985784.333748499
2953,11340228.522382503
2954,7385560.228681035
2955,11504419.021480745
2956,6222514.83515919
2957,3949841.4623848433
2958,8022999.376332889
2959,7123759.418409118
2960,7905088.663318216
2961,8027805.518664897
2962,5585339.047955021
2963,5263617.511609849
2964,6851892.538325396
2965,11614379.796196967
2966,11778751.429470368
2967,9882325.080520041
2968,5091073.051382201
2969,9195266.849409083
2970,6129087.400581494
2971,7617713.109155784
2972,10317107.67923549
2973,10404716.245915186
2974,14199479.843993848
2975,6487823.200324386
2976,5591049.459449992
2977,4217218.220676019
2978,5661101.668645648
2979,9361537.441135447
2980,7363440.522329769
2981,13295592.601555113
2982,5684628.895227132
2983,10413188.070611402
2984,6312853.5205507
2985,3675810.9747721693
2986,8360608.191196033
2987,4915920.8685213765
2988,9266397.928839358
2989,7595159.334783012
2990,7421142.98465989
2991,5626442.4034289215
2992,8725372.670035904
2993,6788667.1320243515
2994,6048265.503397116
2995,6331117.7805268075
2996,6436690.416731229
2997,7917721.923050274
2998,6850813.1806228785
2999,6059433.62206113
3000,7637226.253873857
3001,6776525.378284914
3002,11188008.903111443
3003,6709479.232951788
3004,9613558.314053457
3005,4529016.618084904
3006,3911036.5570776854
3007,4152888.1234942935
3008,8643839.070905002
3009,5354172.364806427
3010,34959925.27312671
3011,6023291.674626822
3012,3566952.12187758
3013,6575094.945703037
3014,9441447.917440293
3015,4572336.03460858
3016,6926331.884267255
3017,7855170.232418025
3018,7804634.237307164
3019,6932674.739255793
3020,5935439.009973766
3021,5522734.008751041
3022,5867340.945844887
3023,16175514.128896961
3024,5915971.627398537
3025,5074687.1010703035
3026,6415362.244310329
3027,5628208.841902044
3028,6571543.367732633
3029,7716227.95393879
3030,6069887.6506102625
3031,6389638.234522956
3032,11168564.793138087
3033,15434263.057762643
3034,5240468.478387726
3035,14299460.05546398
3036,9918089.718791272
3037,8438403.722884053
3038,4400593.00084564
3039,8319202.6564917015
3040,6696312.459355594
3041,5140378.464703075
3042,5668123.334872014
3043,2022674.1100445196
3044,4723136.198008783
3045,7804231.079543135
3046,5414951.704557397
3047,13374436.511628294
3048,9609182.70057825
3049,13876965.807588072
3050,9411950.008042347
3051,4963117.308070353
3052,8290633.986994677
3053,5980541.430561818
3054,4614044.118280154
3055,6642873.643021488
3056,4718841.643160374
3057,3156796.4844256607
3058,10210222.749483958
3059,7390736.588725563
3060,26672545.939144734
3061,6329309.195919434
3062,12098551.150408983
3063,2472105.99004623
3064,6674501.8592575565
3065,12764538.194814857
3066,16513982.617493479
3067,9212125.009363232
3068,7446117.920665113
3069,7300950.668741635
3070,6554797.014465021
3071,8428558.155041654
3072,9190966.48997255
3073,6198370.878844184
3074,10298750.650769422
3075,7401804.211434818
3076,4215934.887645722
3077,5008983.88752682
3078,4190560.848772968
3079,6663794.016060787
3080,5008418.057338142
3081,16231923.926281335
3082,13005134.780586839
3083,18868589.713762954
3084,7486208.211058095
3085,6690643.838571375
3086,21002776.04034397
3087,6637054.162044518
3088,14447226.193869319
3089,8170634.586257885
3090,13313163.903001001
3091,6612534.410021121
3092,7817615.983531615
3093,4316937.03556758
3094,5096939.736225799
3095,3908729.392501808
3096,7069193.140607405
3097,6699631.239452725
3098,21742501.471953154
3099,8007791.455885926
3100,3708548.9576259097
3101,6238501.395104284
3102,8679226.24524527
3103,12139913.379079785
3104,7028635.377534153
3105,9338612.622637948
3106,9895113.92473748
3107,6168650.154825497
3108,7273226.516920147
3109,20611889.430398174
3110,10890948.29980125
3111,3393776.713670043
3112,10812836.418081809
3113,5688301.806486409
3114,5084215.377295883
3115,8576844.193040762
3116,13858096.237019243
3117,13416333.62842663
3118,4652169.068838849
3119,5475369.708819164
3120,4996656.513691013
3121,3167024.07383121
3122,6217617.504356469
3123,11066858.682971565
3124,4985063.4646732155
3125,4416431.875029947
3126,8582252.244080879
3127,7415773.459305849
3128,9137747.707290674
3129,11055876.135058336
3130,8065038.0838568015
3131,5720114.815098672
3132,7384570.891011469
3133,6440581.360625205
3134,5185533.429263532
3135,6995796.058008973
3136,9372144.691988576
3137,6724743.0986073455
3138,3765501.614328078
3139,7289408.094287015
3140,8669358.799103767
3141,14683020.912441509
3142,4135392.6306425594
3143,7051125.359171227
3144,9209394.760213433
3145,6920725.704840092
3146,14152889.030538553
3147,6708113.633645329
3148,6163652.668382134
3149,6517860.708418848
3150,8154928.227107552
3151,11304631.719469957
3152,5639019.891064462
3153,9753835.054756794
3154,5336998.293302249
3155,6128389.210906036
3156,10359552.1579147
3157,5699423.939721856
3158,17783451.39297109
3159,12636013.76852458
3160,7499592.7735862695
3161,4367065.404894348
3162,7445862.756173267
3163,8052317.339272093
3164,6491332.938837528
3165,4759515.944965811
3166,12104383.786583066
3167,6142187.318856832
3168,3730625.057438499
3169,4862876.965243948
3170,4760042.987757513
3171,5059330.315917581
3172,5775864.4655639045
3173,4122476.781369329
3174,5917263.176784404
3175,12305711.557900235
3176,11518569.700909164
3177,4227016.938492358
3178,6790778.291013069
3179,5272633.581260888
3180,5797120.346934091
3181,6475269.48497534
3182,8153862.795903643
3183,16986563.813432474
3184,7155554.84925304
3185,6438712.845688721
3186,8007815.317434394
3187,5908576.021166483
3188,10260913.147003232
3189,6203531.074470757
3190,4021546.613043905
3191,7522258.394316387
3192,5637081.473162539
3193,8878258.029072318
3194,5926948.827934743
3195,5929273.96269951
3196,5504551.183322903
3197,9386269.060342869
3198,2061208.696158353
3199,8698105.014009852
3200,4323791.198993272
3201,6177493.563556437
3202,7061497.014063657
3203,6355398.489292733
3204,2631605.5838762987
3205,10848248.7689006
3206,6320499.154589884
3207,12960746.56174759
3208,5107626.997115088
3209,5308556.929004546
3210,11510957.059810303
3211,8662186.732873216
3212,10873657.555902349
3213,7974705.982121472
3214,6575054.853651185
3215,5065526.916964546
3216,4696565.5451421
3217,7343035.17882015
3218,8953523.52697314
3219,6190228.081759514
3220,12701548.931683045
3221,8028262.274439847
3222,15383541.829140978
3223,5627108.177072938
3224,13558475.74772729
3225,5544208.645964383
3226,6372028.502130363
3227,22343306.415978365
3228,10489018.741186118
3229,4666348.782234575
3230,5711632.456077149
3231,7023591.246415613
3232,10648771.713265322
3233,5247789.178248433
3234,8517909.232749216
3235,5078770.441695871
3236,7793856.848704867
3237,6239750.18427867
3238,23953285.99771347
3239,5640774.576597327
3240,11483735.137745198
3241,8564993.628500352
3242,7579159.735123376
3243,11196320.414918058
3244,9073467.791864919
3245,15156161.677191649
3246,7157571.83471391
3247,6404039.542454592
3248,6923919.869089268
3249,5739771.593848149
3250,6514328.090174716
3251,6726829.334224419
3252,6676417.758289074
3253,2987498.675903314
3254,8492218.3713293
3255,5766898.721787365
3256,15883332.606030306
3257,4519419.679257284
3258,5333570.260199134
3259,8594171.93324246
3260,7771011.864775306
3261,6004701.004472271
3262,4797453.567158898
3263,5734768.344706572
3264,8784028.687536415
3265,8188030.400951102
3266,6005522.531491825
3267,7922542.3017973
3268,8377691.336137195
3269,8128500.568750395
3270,5403291.978363357
3271,5857520.511868777
3272,6405106.372384011
3273,8756210.609320987
3274,11809797.261008121
3275,5653505.160082203
3276,7237474.279089725
3277,7440911.899092067
3278,3190263.513277945
3279,9449496.06758031
3280,5615333.131914945
3281,8248245.6294209305
3282,6306243.3469073735
3283,5821128.107620402
3284,7530899.132798885
3285,8008503.3153607715
3286,9880691.672772693
3287,6864177.927629449
3288,5155815.422822038
3289,4807657.959477303
3290,6479814.953133915
3291,5275220.673526143
3292,7185641.860504132
3293,8629946.661850011
3294,13460274.111211652
3295,6691473.171056313
3296,11568898.29980102
3297,16484068.66869489
3298,11682985.21792502
3299,6813106.075882229
3300,5228065.1793987835
3301,14970732.832337108
3302,9855291.352750666
3303,8080048.0281320345
3304,4760656.032486586
3305,8688090.152968355
3306,6781858.00701136
3307,6174991.440201547
3308,12875119.255262569
3309,7005719.58198883
3310,8545949.276789723
3311,11209713.27477657
3312,8199738.177760957
3313,9192637.186615884
3314,5544665.868128941
3315,4799381.978898878
3316,10528000.145604858
3317,5297549.702531587
3318,13463155.11060464
3319,4935262.394240349
3320,7782384.118310759
3321,9298049.50294472
3322,10867467.840529447
3323,17645663.23259441
3324,12927839.340009203
3325,8012930.192698539
3326,5129989.177067937
3327,10804121.186426912
3328,6514178.505831662
3329,5767899.145510411
3330,4563591.09016405
3331,1903710.4959141389
3332,11813146.250909137
3333,10869996.577521246
3334,4012127.545005748
3335,5704981.823182289
3336,5438033.168492918
3337,7702848.655391961
3338,7962280.649459231
3339,7188976.008428568
3340,4823926.794443571
3341,5246469.981413773
3342,5845834.278715819
3343,6268366.656828407
3344,10057520.630010562
3345,6043936.500611529
3346,6136715.121596256
3347,4700017.597771486
3348,11054942.099490387
3349,6407064.131731718
3350,18438858.828210305
3351,7610548.4484326895
3352,8461684.76737124
3353,6118596.144327587
3354,6788035.0936755575
3355,7012553.398516232
3356,7971436.567773076
3357,6040783.334083292
3358,14970819.90716774
3359,5996437.786141747
3360,6726218.489229711
3361,13120108.253352499
3362,6847168.083410106
3363,7825345.228077164
3364,12618175.37068139
3365,5197534.159147654
3366,23853346.70342426
3367,7976281.3434538925
3368,9246400.764647556
3369,6277486.318222637
3370,6886405.960923617
3371,5929774.383520059
3372,10874264.705635823
3373,10739124.390986783
3374,9618489.314408831
3375,6853878.900474245
3376,5634789.142433867
3377,5004547.855302127
3378,10365983.417352794
3379,8857480.013222143
3380,8634872.592924152
3381,4384415.0052929055
3382,9138199.695896279
3383,4546525.210693376
3384,5561213.488197353
3385,8329549.061727578
3386,6210452.044333657
3387,11392888.188530691
3388,8973493.91608512
3389,5118354.789757169
3390,5165806.3960137
3391,9528988.26222172
3392,5697641.669822271
3393,12162029.96208767
3394,9866293.823993474
3395,8132278.341414712
3396,11096618.518945098
3397,5243073.736206515
3398,6645215.366358598
3399,7187953.219638142
3400,6662077.684600553
3401,13098780.072965067
3402,5817465.433174392
3403,8755606.606263412
3404,6882526.165037157
3405,8169680.483698017
3406,5514927.327469554
3407,5434076.042156278
3408,5477856.962317927
3409,6866366.754673982
3410,6935256.837072644
3411,5582439.719537441
3412,5344057.8055677805
3413,9021167.932349069
3414,12056433.311377484
3415,4845900.995070831
3416,10579622.378354661
3417,7776991.931803583
3418,7714598.899807971
3419,5401675.729732711
3420,5067758.625668641
3421,5332898.10832044
3422,7896733.469753725
3423,5437249.044508802
3424,7915800.605436184
3425,6311628.929268808
3426,7848761.640883301
3427,7658222.534864364
3428,3434004.4407008924
3429,4458434.783075128
3430,22866880.1588513
3431,7721521.598886909
3432,8382493.304887979
3433,6448964.720695889
3434,6774188.812277764
3435,17849590.119705465
3436,7908195.3572543105
3437,6574315.799754184
3438,5756798.005568922
3439,4063916.8216093476
3440,13661814.585520567
3441,3992025.5075559244
3442,6321767.681808565
3443,6862526.9177966
3444,8748792.17014859
3445,8912242.836124036
3446,4714869.729726552
3447,7734302.580804935
3448,7582296.86879512
3449,13807145.859792616
3450,6934584.639483274
3451,3152538.2819773452
3452,5931448.478614495
3453,8644822.437431704
3454,8464497.29941571
3455,6350433.6653427025
3456,12268695.517611494
3457,6225537.815652057
3458,13765886.404829284
3459,6808731.30393723
3460,6641499.200192524
3461,13587664.304366205
3462,13428698.141111523
3463,5805074.459967961
3464,12932318.480298769
3465,4971375.2970258575
3466,6399752.627633809
3467,11276181.487806331
3468,13647723.757329848
3469,8640467.77327553
3470,2206893.5143285105
3471,8495089.001122959
3472,6537241.315499499
3473,3755246.9798629675
3474,15195598.96923917
3475,7668372.421598212
3476,5974009.489729684
3477,6423074.618900788
3478,6183571.246718423
3479,17562246.115720663
3480,7943274.196120616
3481,6385727.281800219
3482,5892109.6087769
3483,8840023.161241397
3484,5968664.4108022135
3485,6130222.4136437215
3486,11066968.654177941
3487,5805190.219066031
3488,5956775.834648068
3489,7323533.692925264
3490,10365979.369037144
3491,5472779.727437089
3492,4885685.796851887
3493,6704334.999560098
3494,8000041.674394068
3495,5103606.462540674
3496,9932545.159889227
3497,11874098.576787978
3498,5762345.143874906
3499,23268267.03550937
3500,14336021.259642791
3501,4769976.193342606
3502,8030226.154442443
3503,4800178.422484699
3504,4618119.994043189
3505,6610926.7179684555
3506,5144876.199346291
3507,7140633.537819054
3508,4948888.016317032
3509,5974516.539397486
3510,4303134.40835938
3511,7830030.482762585
3512,8956800.318791248
3513,14248291.582827035
3514,6756772.225294833
3515,7950857.4743636055
3516,15927508.242438523
3517,7309880.903422695
3518,4410544.525982843
3519,6614111.228090281
3520,9393877.821701618
3521,4957429.581498508
3522,6530047.495132792
3523,4638354.975037833
3524,8370552.902052413
3525,12530398.600240298
3526,14225321.17293296
3527,6301021.881851395
3528,11552777.094087984
3529,12624680.051854393
3530,6755786.7759709265
3531,6409766.135765161
3532,10838033.514428597
3533,4728868.949180568
3534,12403933.280935496
3535,9593343.571158135
3536,12167684.193614325
3537,5995124.821605727
3538,2154556.450584355
3539,11301533.931575032
3540,7728567.476304432
3541,2888683.27770304
3542,9083267.407171793
3543,5373864.916804172
3544,8719435.586459875
3545,6869645.290527942
3546,7900040.412290664
3547,9381110.435728166
3548,4296731.449151233
3549,7331736.906446841
3550,5889084.171244297
3551,7981089.146738523
3552,6780905.435405254
3553,9889488.00921111
3554,6150896.22919531
3555,10333795.630088521
3556,6632892.49612502
3557,9710116.900365895
3558,8832985.294215798
3559,10759895.107408158
3560,9004044.784637086
3561,4125728.11741038
3562,7781097.3026065035
3563,8907463.584440965
3564,5724608.707300836
3565,7355073.55501049
3566,2097225.457747537
3567,5969472.917069981
3568,6785553.823532937
3569,9169503.879179018
3570,7099632.112091359
3571,10362315.027496755
3572,6119747.0138595
3573,19821433.980082013
3574,6162834.159847703
3575,6837429.595791627
3576,4872417.792004212
3577,6398440.212691221
3578,11052521.753196066
3579,4721700.237621946
3580,8087700.622592473
3581,5487395.6276265
3582,3898608.616950541
3583,5368993.599058445
3584,6509739.531443781
3585,5814579.633644239
3586,6314116.703993203
3587,7524262.256977908
3588,9876541.19423915
3589,6343874.176969367
3590,11244778.566313704
3591,7093488.668011289
3592,7025442.87491521
3593,7797226.81890634
3594,5783054.338721097
3595,3275107.3978433916
3596,7343791.649395529
3597,27954348.014694575
3598,5767234.959853801
3599,13050892.976044035
3600,6744753.164601894
3601,6495573.432470074
3602,8386659.740611512
3603,6180010.916997233
3604,9310122.69884064
3605,5897447.212633057
3606,6769291.797404594
3607,8115027.058661482
3608,5556629.6395433275
3609,5937547.182499648
3610,9423901.731160514
3611,6068881.267195925
3612,6142139.324699133
3613,6512991.151374579
3614,6914610.558610643
3615,8131781.1191727575
3616,7918001.601468788
3617,9398449.629803563
3618,36698419.11341466
3619,5902791.237678267
3620,10435302.14699287
3621,8209081.881465125
3622,8279579.17765132
3623,5739113.4094667155
3624,6277093.088558667
3625,8576127.268723417
3626,9863273.065075692
3627,6427360.144345533
3628,2997567.053996234
3629,10269048.826998018
3630,7150372.127752461
3631,5537444.865859692
3632,6538272.279666724
3633,8599261.342965245
3634,6201627.8409672165
3635,5988871.250080648
3636,6159319.936081968
3637,7085742.4618929
3638,19591340.840160005
3639,5984459.8084857
3640,12633873.871463746
3641,8130432.787048169
3642,6459363.263345459
3643,8673666.8414172
3644,40267557.63656401
3645,9987092.731402248
3646,9417955.502566172
3647,12224349.308691192
3648,5665644.417081032
3649,5539763.715571627
3650,6025435.026806254
3651,6878696.127939872
3652,8274064.384192096
3653,7348402.47555871
3654,4834147.672683011
3655,9029851.097274125
3656,5006511.087457331
3657,8227584.103227034
3658,5243779.615635615
3659,10291956.612486783
3660,8659748.914538337
3661,8465491.768350141
3662,8779459.94504826
3663,6095600.1964900065
3664,12067426.785884105
3665,13287409.77891897
3666,8569215.7862682
3667,2597041.7952277395
3668,10743557.926925171
3669,5947205.05550554
3670,6848824.3360984605
3671,6835527.556754052
3672,8083624.451544447
3673,5705393.808603343
3674,10058735.779263519
3675,6184070.056624555
3676,7848171.186264694
3677,11714611.355168762
3678,7797974.027069558
3679,7184714.18004881
3680,9215467.38211499
3681,2905534.4228559537
3682,5841378.245601826
3683,5429596.31667888
3684,4207482.933935917
3685,5847103.582450991
3686,8738880.960363321
3687,3341555.4320529974
3688,6198498.356596936
3689,1844119.168649075
3690,5554890.105818387
3691,11115262.042352797
3692,3351233.354248818
3693,5596394.260453459
3694,9347381.091459148
3695,14682270.946786236
3696,8292067.701958518
3697,5288163.489336174
3698,6419423.881604708
3699,10477434.109433591
3700,8654540.391242128
3701,5763789.49185897
3702,8579560.082932957
3703,6513701.570926664
3704,7148465.468027854
3705,5983159.317628617
3706,5981829.452972424
3707,5585019.958676064
3708,11880456.847334981
3709,9573767.581863193
3710,8490527.195825221
3711,8034405.066847233
3712,4894192.325173618
3713,8465636.35408474
3714,9254219.330595147
3715,6725348.79590613
3716,9741302.821103541
3717,6505113.582041745
3718,3723832.7277114373
3719,4645267.14715379
3720,8084858.268862113
3721,5897863.630373517
3722,6933814.6159198815
3723,2124859.2018105933
3724,5836353.268950219
3725,5972182.450526597
3726,7331146.860035977
3727,30022031.923719488
3728,7195027.850885512
3729,6020359.735620452
3730,5771451.789079341
3731,7707940.906286789
3732,7662265.550706822
3733,6380776.435782339
3734,7674351.5153840985
3735,13626823.796194823
3736,8165900.292105067
3737,4867974.897586039
3738,5152157.792368573
3739,7197258.981799135
3740,6094699.064990623
3741,12700631.46235476
3742,8170528.16772229
3743,5870456.094074989
3744,6215876.486486826
3745,6756505.0156600615
3746,9897437.017743332
3747,6071587.255863419
3748,10133398.970026083
3749,4969780.394629032
3750,7225623.858887327
3751,44749131.18043545
3752,6597132.121458188
3753,7023337.792960568
3754,10104766.290827675
3755,8112690.823239388
3756,7481442.57935204
3757,6666900.394400306
3758,7529563.241694997
3759,5893894.824434331
3760,8514107.53864015
3761,10275121.595544636
3762,12577555.44578216
3763,23575365.4866078
3764,6749969.324583084
3765,14140422.67128158
3766,9052318.432272777
3767,10486058.54011361
3768,5423889.10665567
3769,7977487.39322462
3770,4546874.883644087
3771,6855046.19123655
3772,33752683.52031036
3773,3396302.1508426876
